{
 "n": 98,
 "n_edges": 429,
 "min_sep": 0.21493672220363527,
 "k23_violations": 0,
 "gn_total_residual": 7.272311470006203e-30,
 "gn_edges_exact": 429,
 "gn_max_move": 1.1188630228279524e-16,
 "min_sep_after": 0.21493672220363527,
 "passed": true
}