{
  "n": 65,
  "n_edges": 256,
  "min_sep": 0.21493672220363558,
  "k23_violations": 0,
  "gn_total_residual": 1.3805065841367707e-29,
  "gn_edges_exact": 256,
  "gn_max_move": 1.1102230246251565e-16,
  "min_sep_after": 0.21493672220363558,
  "passed": true
}
