{
  "n": 21,
  "n_edges": 57,
  "min_sep": 0.29179750596487924,
  "k23_violations": 0,
  "gn_total_residual": 1.4791141972893971e-30,
  "gn_edges_exact": 57,
  "gn_max_move": 5.551115123125783e-17,
  "min_sep_after": 0.29179750596487924,
  "passed": true
}
