{
  "n": 85,
  "n_edges": 360,
  "min_sep": 0.21493672220363524,
  "k23_violations": 0,
  "gn_total_residual": 7.444874793023299e-30,
  "gn_edges_exact": 360,
  "gn_max_move": 5.594315114139762e-17,
  "min_sep_after": 0.21493672220363524,
  "passed": true
}
