{
  "n": 36,
  "n_edges": 119,
  "min_sep": 0.2917975059648791,
  "k23_violations": 0,
  "gn_total_residual": 1.4174844390690056e-30,
  "gn_edges_exact": 119,
  "gn_max_move": 5.551115123125783e-17,
  "min_sep_after": 0.29179750596487913,
  "passed": true
}
