{
  "n": 35,
  "n_edges": 114,
  "min_sep": 0.29179750596487924,
  "k23_violations": 0,
  "gn_total_residual": 9.614242282381081e-31,
  "gn_edges_exact": 114,
  "gn_max_move": 3.122502256758253e-17,
  "min_sep_after": 0.29179750596487924,
  "passed": true
}
