{
  "n": 19,
  "n_edges": 50,
  "min_sep": 0.4574271077563379,
  "k23_violations": 0,
  "gn_total_residual": 7.395570986446986e-31,
  "gn_edges_exact": 50,
  "gn_max_move": 5.551115123125783e-17,
  "min_sep_after": 0.4574271077563379,
  "passed": true
}
