{
  "n": 18,
  "n_edges": 46,
  "min_sep": 0.2917975059648793,
  "k23_violations": 0,
  "gn_total_residual": 1.2079432611196743e-30,
  "gn_edges_exact": 46,
  "gn_max_move": 0.0,
  "min_sep_after": 0.2917975059648793,
  "passed": true
}
