{
  "n": 41,
  "n_edges": 141,
  "min_sep": 0.29179750596487924,
  "k23_violations": 0,
  "gn_total_residual": 1.2572470676959876e-30,
  "gn_edges_exact": 141,
  "gn_max_move": 4.5102810375396984e-17,
  "min_sep_after": 0.29179750596487924,
  "passed": true
}
