{
  "n": 49,
  "n_edges": 180,
  "min_sep": 0.29179750596487924,
  "k23_violations": 0,
  "gn_total_residual": 2.0954117794933126e-30,
  "gn_edges_exact": 180,
  "gn_max_move": 1.1188630228279524e-16,
  "min_sep_after": 0.29179750596487924,
  "passed": true
}
