{
  "n": 16,
  "n_edges": 41,
  "min_sep": 0.457427107756338,
  "k23_violations": 0,
  "gn_total_residual": 7.642090019328552e-31,
  "gn_edges_exact": 41,
  "gn_max_move": 5.551115123125783e-17,
  "min_sep_after": 0.457427107756338,
  "passed": true
}
