{
  "n": 69,
  "n_edges": 276,
  "min_sep": 0.21493672220363544,
  "k23_violations": 0,
  "gn_total_residual": 1.6245604266895212e-29,
  "gn_edges_exact": 276,
  "gn_max_move": 0.0,
  "min_sep_after": 0.21493672220363544,
  "passed": true
}
