{
  "n": 93,
  "n_edges": 401,
  "min_sep": 0.21493672220363524,
  "k23_violations": 0,
  "gn_total_residual": 1.0920793156653382e-29,
  "gn_edges_exact": 401,
  "gn_max_move": 5.551115123125783e-17,
  "min_sep_after": 0.21493672220363524,
  "passed": true
}
