{
  "n": 37,
  "n_edges": 123,
  "min_sep": 0.2917975059648792,
  "k23_violations": 0,
  "gn_total_residual": 1.4667882456453188e-30,
  "gn_edges_exact": 123,
  "gn_max_move": 1.1188630228279524e-16,
  "min_sep_after": 0.2917975059648792,
  "passed": true
}
