{
  "n": 76,
  "n_edges": 312,
  "min_sep": 0.21493672220363533,
  "k23_violations": 0,
  "gn_total_residual": 1.4569274843300562e-29,
  "gn_edges_exact": 312,
  "gn_max_move": 1.1102230246251565e-16,
  "min_sep_after": 0.21493672220363533,
  "passed": true
}
