{
  "n": 53,
  "n_edges": 197,
  "min_sep": 0.21493672220363555,
  "k23_violations": 0,
  "gn_total_residual": 2.2803010541544873e-30,
  "gn_edges_exact": 197,
  "gn_max_move": 1.1188630228279524e-16,
  "min_sep_after": 0.2149367222036355,
  "passed": true
}
