{
  "n": 27,
  "n_edges": 81,
  "min_sep": 0.2917975059648791,
  "k23_violations": 0,
  "gn_total_residual": 6.409494854920721e-31,
  "gn_edges_exact": 81,
  "gn_max_move": 5.551115123125783e-17,
  "min_sep_after": 0.2917975059648792,
  "passed": true
}
