{
  "n": 77,
  "n_edges": 317,
  "min_sep": 0.2149367222036355,
  "k23_violations": 0,
  "gn_total_residual": 6.619036032870052e-30,
  "gn_edges_exact": 317,
  "gn_max_move": 1.1102230246251565e-16,
  "min_sep_after": 0.2149367222036355,
  "passed": true
}
