{
  "n": 95,
  "n_edges": 412,
  "min_sep": 0.21493672220363538,
  "k23_violations": 0,
  "gn_total_residual": 5.682263707920101e-30,
  "gn_edges_exact": 412,
  "gn_max_move": 1.1295700899707568e-16,
  "min_sep_after": 0.21493672220363538,
  "passed": true
}
