{
  "n": 70,
  "n_edges": 281,
  "min_sep": 0.21493672220363536,
  "k23_violations": 0,
  "gn_total_residual": 5.2015515938010466e-30,
  "gn_edges_exact": 281,
  "gn_max_move": 1.1102230246251565e-16,
  "min_sep_after": 0.21493672220363536,
  "passed": true
}
