{
  "n": 79,
  "n_edges": 327,
  "min_sep": 0.21493672220363533,
  "k23_violations": 0,
  "gn_total_residual": 3.5831541429335646e-29,
  "gn_edges_exact": 327,
  "gn_max_move": 4.440892098500626e-16,
  "min_sep_after": 0.21493672220363533,
  "passed": true
}
