{
  "n": 51,
  "n_edges": 188,
  "min_sep": 0.29179750596487913,
  "k23_violations": 0,
  "gn_total_residual": 1.9351744081202946e-30,
  "gn_edges_exact": 188,
  "gn_max_move": 1.1188630228279524e-16,
  "min_sep_after": 0.29179750596487913,
  "passed": true
}
