{
  "n": 64,
  "n_edges": 252,
  "min_sep": 0.21493672220363544,
  "k23_violations": 0,
  "gn_total_residual": 3.4512664603419266e-30,
  "gn_edges_exact": 252,
  "gn_max_move": 5.551115123125783e-17,
  "min_sep_after": 0.2149367222036355,
  "passed": true
}
