{
  "n": 86,
  "n_edges": 365,
  "min_sep": 0.21493672220363466,
  "k23_violations": 0,
  "gn_total_residual": 2.9717869413872804e-29,
  "gn_edges_exact": 365,
  "gn_max_move": 4.440892098500626e-16,
  "min_sep_after": 0.21493672220363466,
  "passed": true
}
