{
  "n": 59,
  "n_edges": 226,
  "min_sep": 0.21493672220363544,
  "k23_violations": 0,
  "gn_total_residual": 4.104541897478077e-30,
  "gn_edges_exact": 226,
  "gn_max_move": 1.1102230246251565e-16,
  "min_sep_after": 0.21493672220363544,
  "passed": true
}
