{
  "n": 34,
  "n_edges": 109,
  "min_sep": 0.29179750596487924,
  "k23_violations": 0,
  "gn_total_residual": 9.98402083170343e-31,
  "gn_edges_exact": 109,
  "gn_max_move": 1.1102230246251565e-16,
  "min_sep_after": 0.29179750596487924,
  "passed": true
}
