{
  "n": 24,
  "n_edges": 68,
  "min_sep": 0.29179750596487897,
  "k23_violations": 0,
  "gn_total_residual": 1.4298103907130839e-30,
  "gn_edges_exact": 68,
  "gn_max_move": 5.551115123125783e-17,
  "min_sep_after": 0.29179750596487897,
  "passed": true
}
