{
  "n": 67,
  "n_edges": 266,
  "min_sep": 0.21493672220363533,
  "k23_violations": 0,
  "gn_total_residual": 1.3398309437113122e-29,
  "gn_edges_exact": 266,
  "gn_max_move": 4.440892098500626e-16,
  "min_sep_after": 0.21493672220363533,
  "passed": true
}
