{
  "n": 30,
  "n_edges": 91,
  "min_sep": 0.29271767510084684,
  "k23_violations": 0,
  "gn_total_residual": 2.2367164891410263e-27,
  "gn_edges_exact": 91,
  "gn_max_move": 5.206745549179022e-10,
  "min_sep_after": 0.29271767509055846,
  "passed": true
}
