{
  "n": 40,
  "n_edges": 133,
  "min_sep": 0.2548453700693304,
  "k23_violations": 0,
  "gn_total_residual": 5.725281279157934e-28,
  "gn_edges_exact": 133,
  "gn_max_move": 0.0,
  "min_sep_after": 0.2548453700693304,
  "passed": true
}
