{
  "n": 50,
  "n_edges": 181,
  "min_sep": 0.21493672220360338,
  "k23_violations": 0,
  "gn_total_residual": 1.9216158613118084e-28,
  "gn_edges_exact": 181,
  "gn_max_move": 6.171331671530316e-13,
  "min_sep_after": 0.21493672220363141,
  "passed": true
}
