{
  "n": 50,
  "n_edges": 179,
  "min_sep": 0.21493672220363058,
  "k23_violations": 0,
  "gn_total_residual": 6.885646366931466e-28,
  "gn_edges_exact": 179,
  "gn_max_move": 0.0,
  "min_sep_after": 0.21493672220363058,
  "passed": true
}
