{
  "n": 70,
  "n_edges": 281,
  "min_sep": 0.2149367222036355,
  "k23_violations": 0,
  "gn_total_residual": 3.106139814307734e-30,
  "gn_edges_exact": 281,
  "gn_max_move": 5.551115123125783e-17,
  "min_sep_after": 0.2149367222036355,
  "passed": true
}
