{
  "n": 70,
  "n_edges": 274,
  "min_sep": 0.21493672220362273,
  "k23_violations": 0,
  "gn_total_residual": 3.3985360392085596e-27,
  "gn_edges_exact": 274,
  "gn_max_move": 0.0,
  "min_sep_after": 0.21493672220362273,
  "passed": true
}
