{
  "n": 39,
  "n_edges": 132,
  "min_sep": 0.2917975059648792,
  "k23_violations": 0,
  "gn_total_residual": 9.244463733058732e-31,
  "gn_edges_exact": 132,
  "gn_max_move": 1.1188630228279524e-16,
  "min_sep_after": 0.2917975059648792,
  "passed": true
}
