{
  "n": 63,
  "n_edges": 246,
  "min_sep": 0.21493672220363508,
  "k23_violations": 0,
  "gn_total_residual": 3.1233961466094436e-29,
  "gn_edges_exact": 246,
  "gn_max_move": 4.440892098500626e-16,
  "min_sep_after": 0.21493672220363508,
  "passed": true
}
