{
  "n": 57,
  "n_edges": 216,
  "min_sep": 0.21493672220363527,
  "k23_violations": 0,
  "gn_total_residual": 6.766947452598992e-30,
  "gn_edges_exact": 216,
  "gn_max_move": 5.551115123125783e-17,
  "min_sep_after": 0.21493672220363527,
  "passed": true
}
