{
  "n": 83,
  "n_edges": 350,
  "min_sep": 0.21493672220363544,
  "k23_violations": 0,
  "gn_total_residual": 2.361652335005404e-29,
  "gn_edges_exact": 350,
  "gn_max_move": 4.449557262054371e-16,
  "min_sep_after": 0.21493672220363544,
  "passed": true
}
