{
  "n": 97,
  "n_edges": 423,
  "min_sep": 0.21493672220363544,
  "k23_violations": 0,
  "gn_total_residual": 5.485048481614848e-30,
  "gn_edges_exact": 423,
  "gn_max_move": 1.1188630228279524e-16,
  "min_sep_after": 0.21493672220363547,
  "passed": true
}
